 ,,,05-2017,06-2017,07-2017,08-2017,09-2017,10-2017,,,,,,,
,Fannie Mae Field Services Monthly Scorecard,,,,,,,,,,,,,,
,,,,,,,,,,,,,,,
,Scorecard Category,Metric,May-17,Jun-17,Jul-17,Aug-17,Sep-17,Oct-17,,Current 10,10-45 Delta,Current 45,,Earned,Poss.
,Initial Services,Initial Services Completed,586,692,556,554,498,347,,169,15.44444444,691,,,
,,Average Days to Complete Initial Service,13.43486842,13.05630027,13.59013283,13.52583979,11.26495132,9.185261003,9.185261003,8.932384342,-1.460503042,10.39288738,,12,20
,,Average Days to BSO Pass,12.82853224,12.61940299,13.55203046,14.05830165,13.10195814,10.12723845,,10.0531401,-1.720688659,11.77382876,,,
,,% Completed >10 Days,0.417763158,0.438605898,0.460468058,0.474806202,0.359527121,0.2814739,0.2814739,0.266903915,-0.059091005,0.32599492,,,
,,Initial Interior Maintenance % Overdue,0.612716763,0.62403698,0.602189781,0.615808824,0.487427466,0.374269006,,0.328205128,-0.109070857,0.437275986,,,
,,Initial Exterior Maintenance % Overdue,0.419491525,0.403780069,0.4625,0.44989339,0.371359223,0.275510204,,0.278106509,-0.051850076,0.329956585,,,
,,Initial Trash Removal % Overdue,0.612476371,0.624605678,0.605786618,0.611214953,0.489194499,0.346041056,,0.318181818,-0.113472858,0.431654676,,,
,,Initial Interior Maintenance % Overdue,0.488687783,0.404878049,0.385365854,0.443181818,0.303370787,0.168831169,0.168831169,,,,,,
,,Initial Exterior Maintenance % Overdue,0.369863014,0.425925926,0.325757576,0.368421053,0.258741259,0.16,0.16,,,,,,
,,Initial Trash Removal % Overdue,0.406060606,0.352201258,0.343558282,0.373333333,0.237804878,0.125,0.125,,,,,,
,Initial QC,Initial Services QC Completed,291,470,564,622,558,253,,132,-43.11111111,788,,,
,,Initial Safety Rating,0.804123711,0.821276596,0.760638298,0.770096463,0.765232975,0.76284585,,0.742424242,-0.02407322,0.766497462,,,
,,Initial Interior Rating,0.945017182,0.914893617,0.897163121,0.884244373,0.905017921,0.889328063,,0.856060606,-0.042416551,0.898477157,,,
,,Initial Exterior Rating,0.810996564,0.736170213,0.659574468,0.718649518,0.727598566,0.754940711,,0.734848485,0.001345947,0.733502538,,,
,,Overall Initial Services QC Score,0.900343643,0.878723404,0.783687943,0.829581994,0.815412186,0.841897233,0.841897233,0.78030303,-0.04076296,0.82106599,,16,20
,BSO,Initial BSO Volume,563,771,598,619,591,307,,164,-23.11111111,842,,,
,,Initial BSO % Passing,0.856512141,0.864516129,0.844155844,0.87804878,0.891393443,0.877862595,,0.874074074,-0.011965812,0.886039886,,20,20
,,Overall BSO % Passing,0.859430605,0.849546044,0.822742475,0.860615883,0.874788494,0.872964169,,0.853658537,-0.020450727,0.874109264,,10,10
,,Number of Reorders,110,151,136,127,103,45,,29,-2.111111111,140,,,
,,Average Days to Complete Reorder,12.48648649,10.64925373,14.89915966,15.83898305,17.80672269,13.66666667,13.66666667,,-,11.70103093,,6,10
,,Number of Failed BSO,65,84,72,60,53,32,,17,-0.777777778,80,,,
,,% BSO Failed Interior,0.063943162,0.076523995,0.070234114,0.066235864,0.049069374,0.061889251,,0.079268293,0.041263542,0.038004751,,,
,,% BSO Failed Exterior,0.065719361,0.089494163,0.081939799,0.075928918,0.074450085,0.061889251,,0.054878049,-0.004504374,0.059382423,,,
,,% BSO Failed Trash Removal,0.063943162,0.067444877,0.076923077,0.066235864,0.0642978,0.068403909,,0.091463415,0.042769828,0.048693587,,,
,Ongoing Services,Ongoing Services Completed,0,0,0,0,0,0,,,,,,,
,,Average Days to Complete Ongoing Interior,,,,,,,,,,,,,
,,Average Days to Complete Ongoing Exterior,,,,,,,,,,,,,
,,Ongoing Interior Maintenance % Overdue,,,,,,,,,,,,,
,,Ongoing Exterior Maintenance % Overdue,,,,,,,,,,,,,
,,Ongoing Interior Maintenance % Overdue,,,,,,,,,,,,,
,,Ongoing Exterior Maintenance % Overdue,,,,,,,,,,,,,
,Ongoing QC,Ongoing Services QC Completed,475,722,789,1159,1646,858,,512,22.66666667,2202,,,
,,Ongoing Services Safety Rating,0.846315789,0.842105263,0.83269962,0.798964625,0.794046173,0.841491841,,0.822265625,0.010730657,0.811534968,,,
,,Ongoing Services Interior Rating,0.936842105,0.893351801,0.892268695,0.875754961,0.859659781,0.867132867,,0.87109375,0.012328991,0.858764759,,,
,,Ongoing Services Exterior Rating,0.749473684,0.703601108,0.632446134,0.662640207,0.643985419,0.682983683,,0.681640625,0.030414467,0.651226158,,,
,,Overall Ongoing Services QC Score,0.877894737,0.86565097,0.821292776,0.823986195,0.801336574,0.82983683,0.82983683,0.822265625,0.012547187,0.809718438,,16,20
,Seasonal,Wint Count,99,454,0,0,651,1018,,,,,,,
,,Avg Days to Complete Wints,11.09090909,0,,,16.57296467,20.27701375,,,,,,,
,,Initial Winterization % Overdue,,,,0,0.965367965,,,,,,,,
,,Grass Cut Count,,,,,,,,,,,,,
,,% Grass Cut Passing,0.690526316,0.681440443,0.670468948,0.705780846,0.705953827,0.726107226,,0.708984375,-0.004912083,0.713896458,,,
,,,,,,,,,,,,,,,
,,,,,,,,,,,,Overall Score,,80,
DC,Washington DC,,,,,,,,,,,,,,
DC,Scorecard Category,Metric,May-17,Jun-17,Jul-17,Aug-17,Sep-17,Oct-17,,Current 10,10-45 Delta,Current 45,,Earned,Poss.
DC,Initial Services,Initial Services Completed,6,2,7,2,1,8,,0,-0.444444444,2,,,
DC,,Average Days to Complete Initial Service,5.333333333,3,19.66666667,9,,8.842105263,8.842105263,6.8,-1.7,8.5,,16,20
DC,,Average Days to BSO Pass,5.333333333,3,12,22,,8.842105263,,6.8,-1.7,8.5,,,
DC,,% Completed >10 Days,0.133333333,0.2,0.692307692,0,0,0.473684211,0.473684211,0,-0.5625,0.5625,,,
DC,,Initial Interior Maintenance % Overdue,0.333333333,0.5,0.8,0,0,0.5,,0,-0.571428571,0.571428571,,,
DC,,Initial Exterior Maintenance % Overdue,0,0,0.666666667,0,,0.5,,,-,0.5,,,
DC,,Initial Trash Removal % Overdue,0.333333333,0.5,0.8,0,0,0.444444444,,0,-0.571428571,0.571428571,,,
DC,,Initial Interior Maintenance % Overdue,,,0,,0,0,0,,,,,,
DC,,Initial Exterior Maintenance % Overdue,,,,,0,,,,,,,,
DC,,Initial Trash Removal % Overdue,,,0,,0,,,,,,,,
DC,Initial QC,Initial Services QC Completed,3,4,2,7,1,0,,0,-0.222222222,1,,,
DC,,Initial Safety Rating,1,1,1,0.571428571,1,,,,-,1,,,
DC,,Initial Interior Rating,1,1,1,0.428571429,1,,,,-,1,,,
DC,,Initial Exterior Rating,1,1,1,0.428571429,1,,,,-,1,,,
DC,,Overall Initial Services QC Score,1,1,1,0.428571429,1,,,,-,1,,20,20
DC,BSO,Initial BSO Volume,6,2,1,3,1,5,,4,3.555555556,2,,,
DC,,Initial BSO % Passing,1,1,1,1,1,1,,1,0,1,,20,20
DC,,Overall BSO % Passing,1,1,1,1,1,1,,1,0,1,,10,10
DC,,Number of Reorders,0,0,0,0,0,0,,0,0,0,,,
DC,,Average Days to Complete Reorder,,,,6,,,,,-,,,10,10
DC,,Number of Failed BSO,0,0,0,0,0,0,,0,0,0,,,
DC,,% BSO Failed Interior,0,0,0,0,0,0,,0,,0,,,
DC,,% BSO Failed Exterior,0,0,0,0,0,0,,0,,0,,,
DC,,% BSO Failed Trash Removal,0,0,0,0,0,0,,0,,0,,,
DC,Ongoing Services,Ongoing Services Completed,0,0,0,0,0,0,,0,0,0,,,
DC,,Average Days to Complete Ongoing Interior,,,,,,,,,-,,,,
DC,,Average Days to Complete Ongoing Exterior,,,,,,,,,-,,,,
DC,,Ongoing Interior Maintenance % Overdue,,,,,,,,,-,,,,
DC,,Ongoing Exterior Maintenance % Overdue,,,,,,,,,-,,,,
DC,,Ongoing Interior Maintenance % Overdue,,,,,,,,,,,,,
DC,,Ongoing Exterior Maintenance % Overdue,,,,,,,,,,,,,
DC,Ongoing QC,Ongoing Services QC Completed,10,8,4,7,18,10,,7,1.666666667,24,,,
DC,,Ongoing Services Safety Rating,0.9,0.875,1,1,1,0.9,,,-,,,,
DC,,Ongoing Services Interior Rating,1,1,1,1,0.888888889,0.8,,,-,,,,
DC,,Ongoing Services Exterior Rating,0.9,0.75,1,1,0.833333333,1,,,-,,,,
DC,,Overall Ongoing Services QC Score,1,1,1,1,0.944444444,1,1,,-,,,20,20
DC,Seasonal,Wint Count,0,0,0,0,0,8,,,,,,,
DC,,Avg Days to Complete Wints,,,,,,13.375,,,,,,,
DC,,Initial Winterization % Overdue,,,,,,,,,,,,,
DC,,Grass Cut Count,,,,,,,,,,,,,
DC,,% Grass Cut Passing,0.9,0.875,1,0.714285714,0.944444444,1,,1,0,1,,,
DC,,,,,,,,,,,,,,,
DC,,,,,,,,,,,,Overall Score,,96,
DE,Delaware,,,,,,,,,,,,,,
DE,Scorecard Category,Metric,May-17,Jun-17,Jul-17,Aug-17,Sep-17,Oct-17,,Current 10,10-45 Delta,Current 45,,Earned,Poss.
DE,Initial Services,Initial Services Completed,13,14,16,16,9,15,,8,5.111111111,13,,,
DE,,Average Days to Complete Initial Service,8.538461538,11.69230769,11.92857143,11.35714286,4.75,6.607142857,6.607142857,6.4375,-1.050872093,7.488372093,,20,20
DE,,Average Days to BSO Pass,15.4,8.5,11.69230769,11.4,4.75,8.206896552,,6.4375,-1.050872093,7.488372093,,,
DE,,% Completed >10 Days,0.2,0.290322581,0.37037037,0.435897436,0.151515152,0.107142857,0.107142857,0.125,-0.014534884,0.139534884,,,
DE,,Initial Interior Maintenance % Overdue,0.363636364,0.444444444,0.368421053,0.642857143,0.230769231,0.142857143,,0,-0.266666667,0.266666667,,,
DE,,Initial Exterior Maintenance % Overdue,0.307692308,0.307692308,0.571428571,0.357142857,0,0.076923077,,0.125,0.125,0,,,
DE,,Initial Trash Removal % Overdue,0.363636364,0.333333333,0.523809524,0.545454545,0.166666667,0.25,,0.25,0.05,0.2,,,
DE,,Initial Interior Maintenance % Overdue,0.25,0.1,0.363636364,0.25,0.5,0.125,0.125,,,,,,
DE,,Initial Exterior Maintenance % Overdue,0.25,0.6,0.2,,0,0.285714286,0.285714286,,,,,,
DE,,Initial Trash Removal % Overdue,0,0.125,0.285714286,0,0.5,0,0,,,,,,
DE,Initial QC,Initial Services QC Completed,7,6,15,18,8,10,,4,0.222222222,17,,,
DE,,Initial Safety Rating,0.571428571,1,0.933333333,0.833333333,1,1,,1,0,1,,,
DE,,Initial Interior Rating,1,1,1,0.944444444,0.875,1,,1,0.058823529,0.941176471,,,
DE,,Initial Exterior Rating,0.714285714,1,0.733333333,0.888888889,0.625,0.9,,1,0.235294118,0.764705882,,,
DE,,Overall Initial Services QC Score,1,1,0.933333333,0.888888889,0.75,1,1,1,0.117647059,0.882352941,,20,20
DE,BSO,Initial BSO Volume,11,9,14,15,13,5,,1,-2.111111111,14,,,
DE,,Initial BSO % Passing,0.636363636,1,1,0.8,0.923076923,1,,1,0.071428571,0.928571429,,20,20
DE,,Overall BSO % Passing,0.714285714,1,1,0.833333333,0.928571429,1,,1,0.066666667,0.933333333,,10,10
DE,,Number of Reorders,3,0,1,3,1,1,,1,0.777777778,1,,,
DE,,Average Days to Complete Reorder,9,,,11,,,,,-,,,10,10
DE,,Number of Failed BSO,4,0,0,3,1,0,,0,-0.222222222,1,,,
DE,,% BSO Failed Interior,0.181818182,0,0,0.066666667,0,0,,0,,0,,,
DE,,% BSO Failed Exterior,0.181818182,0,0,0.133333333,0.076923077,0,,0,,0.071428571,,,
DE,,% BSO Failed Trash Removal,0.090909091,0,0,0.066666667,0,0,,0,,0,,,
DE,Ongoing Services,Ongoing Services Completed,0,0,0,0,0,0,,0,0,0,,,
DE,,Average Days to Complete Ongoing Interior,,,,,,,,,-,,,,
DE,,Average Days to Complete Ongoing Exterior,,,,,,,,,-,,,,
DE,,Ongoing Interior Maintenance % Overdue,,,,,,,,,-,,,,
DE,,Ongoing Exterior Maintenance % Overdue,,,,,,,,,-,,,,
DE,,Ongoing Interior Maintenance % Overdue,,,,,,,,,,,,,
DE,,Ongoing Exterior Maintenance % Overdue,,,,,,,,,,,,,
DE,Ongoing QC,Ongoing Services QC Completed,15,20,8,37,35,19,,11,0.333333333,48,,,
DE,,Ongoing Services Safety Rating,0.866666667,1,1,0.891891892,0.942857143,0.947368421,,,-,,,,
DE,,Ongoing Services Interior Rating,1,0.9,0.875,0.918918919,0.971428571,1,,,-,,,,
DE,,Ongoing Services Exterior Rating,0.933333333,0.9,0.75,0.702702703,0.857142857,0.789473684,,,-,,,,
DE,,Overall Ongoing Services QC Score,1,0.95,1,0.864864865,0.942857143,1,1,,-,,,20,20
DE,Seasonal,Wint Count,0,0,0,0,0,61,,,,,,,
DE,,Avg Days to Complete Wints,,,,,,9.032786885,,,,,,,
DE,,Initial Winterization % Overdue,,,,,,,,,,,,,
DE,,Grass Cut Count,,,,,,,,,,,,,
DE,,% Grass Cut Passing,0.866666667,1,0.875,1,0.971428571,1,,1,0.020833333,0.979166667,,,
DE,,,,,,,,,,,,,,,
DE,,,,,,,,,,,,Overall Score,,100,
MD,Maryland,,,,,,,,,,,,,,
MD,Scorecard Category,Metric,May-17,Jun-17,Jul-17,Aug-17,Sep-17,Oct-17,,Current 10,10-45 Delta,Current 45,,Earned,Poss.
MD,Initial Services,Initial Services Completed,98,87,81,84,83,66,,40,21.55555556,83,,,
MD,,Average Days to Complete Initial Service,11.81333333,8.236111111,9.492957746,9.76119403,8.114285714,8.475609756,8.475609756,7.509090909,-2.013557175,9.522648084,,16,20
MD,,Average Days to BSO Pass,8.027777778,9.01369863,9.128571429,14.81428571,10.08695652,10.12972973,,7.509090909,-2.013557175,9.522648084,,,
MD,,% Completed >10 Days,0.23255814,0.25,0.324074074,0.252830189,0.264705882,0.195121951,0.195121951,0.154545455,-0.113747228,0.268292683,,,
MD,,Initial Interior Maintenance % Overdue,0.485714286,0.46969697,0.520547945,0.504950495,0.388235294,0.327272727,,0.228571429,-0.179195562,0.40776699,,,
MD,,Initial Exterior Maintenance % Overdue,0.186666667,0.166666667,0.253521127,0.223880597,0.328571429,0.148148148,,0.1,-0.225301205,0.325301205,,,
MD,,Initial Trash Removal % Overdue,0.514285714,0.5,0.486111111,0.515463918,0.397590361,0.272727273,,0.2,-0.196039604,0.396039604,,,
MD,,Initial Interior Maintenance % Overdue,0.411764706,0.368421053,0.28,0.222222222,0.25,0.071428571,0.071428571,,,,,,
MD,,Initial Exterior Maintenance % Overdue,0.272727273,0.0625,0.090909091,0.333333333,0.222222222,0.153846154,0.153846154,,,,,,
MD,,Initial Trash Removal % Overdue,0.375,0.111111111,0.176470588,0.066666667,0.173913043,0.230769231,0.230769231,,,,,,
MD,Initial QC,Initial Services QC Completed,51,64,85,79,107,32,,19,-10.55555556,133,,,
MD,,Initial Safety Rating,0.901960784,0.84375,0.905882353,0.860759494,0.803738318,0.8125,,0.789473684,-0.022556391,0.812030075,,,
MD,,Initial Interior Rating,0.980392157,0.96875,0.941176471,1,0.934579439,0.90625,,0.947368421,0.022556391,0.92481203,,,
MD,,Initial Exterior Rating,0.862745098,0.84375,0.8,0.886075949,0.869158879,0.84375,,0.842105263,-0.022556391,0.864661654,,,
MD,,Overall Initial Services QC Score,0.960784314,0.96875,0.929411765,0.974683544,0.925233645,0.96875,0.96875,1,0.067669173,0.932330827,,20,20
MD,BSO,Initial BSO Volume,67,62,66,83,86,42,,21,-0.777777778,98,,,
MD,,Initial BSO % Passing,0.850746269,0.85483871,0.848484848,0.807228916,0.837209302,0.785714286,,0.80952381,-0.006802721,0.816326531,,16,20
MD,,Overall BSO % Passing,0.8625,0.845070423,0.843373494,0.794117647,0.851485149,0.78,,0.769230769,-0.065551839,0.834782609,,8,10
MD,,Number of Reorders,13,9,17,19,15,8,,5,1.222222222,17,,,
MD,,Average Days to Complete Reorder,9.6875,9.705882353,8.833333333,11.03703704,11.63157895,6.888888889,6.888888889,,-,,,10,10
MD,,Number of Failed BSO,10,9,10,16,14,9,,4,0,18,,,
MD,,% BSO Failed Interior,0.104477612,0.129032258,0.060606061,0.096385542,0.058139535,0.119047619,,0.095238095,,0.071428571,,,
MD,,% BSO Failed Exterior,0.089552239,0.112903226,0.121212121,0.096385542,0.127906977,0.095238095,,0.047619048,,0.132653061,,,
MD,,% BSO Failed Trash Removal,0.074626866,0.064516129,0.060606061,0.144578313,0.069767442,0.142857143,,0.142857143,,0.081632653,,,
MD,Ongoing Services,Ongoing Services Completed,0,0,0,0,0,0,,0,0,0,,,
MD,,Average Days to Complete Ongoing Interior,,,,,,,,,-,,,,
MD,,Average Days to Complete Ongoing Exterior,,,,,,,,,-,,,,
MD,,Ongoing Interior Maintenance % Overdue,,,,,,,,,-,,,,
MD,,Ongoing Exterior Maintenance % Overdue,,,,,,,,,-,,,,
MD,,Ongoing Interior Maintenance % Overdue,,,,,,,,,,,,,
MD,,Ongoing Exterior Maintenance % Overdue,,,,,,,,,,,,,
MD,Ongoing QC,Ongoing Services QC Completed,84,105,122,190,191,171,,82,7.111111111,337,,,
MD,,Ongoing Services Safety Rating,0.928571429,0.914285714,0.926229508,0.873684211,0.890052356,0.929824561,,,-,,,,
MD,,Ongoing Services Interior Rating,0.976190476,0.971428571,0.959016393,0.984210526,0.968586387,0.923976608,,,-,,,,
MD,,Ongoing Services Exterior Rating,0.857142857,0.933333333,0.81147541,0.857894737,0.858638743,0.824561404,,,-,,,,
MD,,Overall Ongoing Services QC Score,0.964285714,0.971428571,0.926229508,0.963157895,0.952879581,0.935672515,0.935672515,,-,,,20,20
MD,Seasonal,Wint Count,0,0,0,0,0,208,,,,,,,
MD,,Avg Days to Complete Wints,,,,,,10.50480769,,,,,,,
MD,,Initial Winterization % Overdue,,,,,,,,,,,,,
MD,,Grass Cut Count,,,,,,,,,,,,,
MD,,% Grass Cut Passing,0.726190476,0.8,0.844262295,0.673684211,0.701570681,0.631578947,,0.609756098,-0.063834407,0.673590504,,,
MD,,,,,,,,,,,,,,,
MD,,,,,,,,,,,,Overall Score,,90,
nj,New Jersey,,,,,,,,,,,,,,
nj,Scorecard Category,Metric,May-17,Jun-17,Jul-17,Aug-17,Sep-17,Oct-17,,Current 10,10-45 Delta,Current 45,,Earned,Poss.
nj,Initial Services,Initial Services Completed,169,165,136,132,174,86,,39,3.444444444,160,,,
nj,,Average Days to Complete Initial Service,14.57142857,10.26865672,10.88288288,14.20909091,10.39552239,9.078838174,9.078838174,9.314285714,-1.313412127,10.62769784,,12,20
nj,,Average Days to BSO Pass,14.76865672,10.02272727,12.07692308,13.3490566,12.27407407,9.782771536,,9.314285714,-1.313412127,10.62769784,,,
nj,,% Completed >10 Days,0.632967033,0.489316239,0.459317585,0.703910615,0.395348837,0.278008299,0.278008299,0.292857143,-0.066855087,0.35971223,,,
nj,,Initial Interior Maintenance % Overdue,0.748427673,0.730994152,0.573529412,0.801652893,0.532163743,0.373493976,,0.375,-0.11489899,0.48989899,,,
nj,,Initial Exterior Maintenance % Overdue,0.654135338,0.410447761,0.495495495,0.654545455,0.432835821,0.328571429,,0.384615385,-0.002884615,0.3875,,,
nj,,Initial Trash Removal % Overdue,0.742331288,0.705521472,0.582089552,0.803149606,0.523809524,0.352272727,,0.377358491,-0.102439489,0.47979798,,,
nj,,Initial Interior Maintenance % Overdue,0.47761194,0.392156863,0.367346939,0.555555556,0.333333333,0.222222222,0.222222222,,,,,,
nj,,Initial Exterior Maintenance % Overdue,0.341463415,0.394736842,0.25,0.465116279,0.314285714,0.133333333,0.133333333,,,,,,
nj,,Initial Trash Removal % Overdue,0.346153846,0.333333333,0.311111111,0.454545455,0.263157895,0.055555556,0.055555556,,,,,,
nj,Initial QC,Initial Services QC Completed,113,158,131,146,147,77,,48,-0.666666667,219,,,
nj,,Initial Safety Rating,0.787610619,0.873417722,0.687022901,0.801369863,0.74829932,0.714285714,,0.729166667,-0.001426941,0.730593607,,,
nj,,Initial Interior Rating,0.955752212,0.962025316,0.938931298,0.938356164,0.925170068,0.87012987,,0.833333333,-0.075342466,0.908675799,,,
nj,,Initial Exterior Rating,0.82300885,0.85443038,0.732824427,0.780821918,0.727891156,0.74025974,,0.729166667,-0.001426941,0.730593607,,,
nj,,Overall Initial Services QC Score,0.884955752,0.943037975,0.801526718,0.924657534,0.802721088,0.805194805,0.805194805,0.770833333,-0.032819635,0.803652968,,16,20
nj,BSO,Initial BSO Volume,135,149,111,107,148,73,,38,0.222222222,170,,,
nj,,Initial BSO % Passing,0.881481481,0.899328859,0.882882883,0.91588785,0.918918919,0.931506849,,0.947368421,0.035603715,0.911764706,,20,20
nj,,Overall BSO % Passing,0.88372093,0.90052356,0.883211679,0.896,0.883977901,0.931034483,,0.934782609,0.050167224,0.884615385,,10,10
nj,,Number of Reorders,38,42,26,18,33,14,,8,-0.444444444,38,,,
nj,,Average Days to Complete Reorder,12.25,11.07407407,12.5,10.85714286,14.17647059,7.666666667,7.666666667,,-,,,8,10
nj,,Number of Failed BSO,16,15,13,9,12,5,,2,-1.333333333,15,,,
nj,,% BSO Failed Interior,0.022222222,0.053691275,0.045045045,0.028037383,0.033783784,0.02739726,,0.026315789,,0.035294118,,,
nj,,% BSO Failed Exterior,0.037037037,0.046979866,0.027027027,0.056074766,0.054054054,0.02739726,,0,,0.058823529,,,
nj,,% BSO Failed Trash Removal,0.066666667,0.026845638,0.072072072,0.046728972,0.040540541,0.02739726,,0.026315789,,0.041176471,,,
nj,Ongoing Services,Ongoing Services Completed,0,0,0,0,0,0,,0,0,0,,,
nj,,Average Days to Complete Ongoing Interior,,,,,,,,,-,,,,
nj,,Average Days to Complete Ongoing Exterior,,,,,,,,,-,,,,
nj,,Ongoing Interior Maintenance % Overdue,,,,,,,,,-,,,,
nj,,Ongoing Exterior Maintenance % Overdue,,,,,,,,,-,,,,
nj,,Ongoing Interior Maintenance % Overdue,,,,,,,,,,,,,
nj,,Ongoing Exterior Maintenance % Overdue,,,,,,,,,,,,,
nj,Ongoing QC,Ongoing Services QC Completed,220,310,273,379,539,297,,199,39,720,,,
nj,,Ongoing Services Safety Rating,0.804545455,0.816129032,0.831501832,0.754617414,0.755102041,0.814814815,,,-,,,,
nj,,Ongoing Services Interior Rating,0.927272727,0.890322581,0.904761905,0.870712401,0.846011132,0.851851852,,,-,,,,
nj,,Ongoing Services Exterior Rating,0.727272727,0.677419355,0.622710623,0.654353562,0.6567718,0.62962963,,,-,,,,
nj,,Overall Ongoing Services QC Score,0.85,0.874193548,0.831501832,0.791556728,0.788497217,0.811447811,0.811447811,,-,,,16,20
nj,Seasonal,Wint Count,30,0,0,0,234,275,,,,,,,
nj,,Avg Days to Complete Wints,12.5,,,,19.49145299,31.45090909,,,,,,,
nj,,Initial Winterization % Overdue,,,,0,0.964566929,,,,,,,,
nj,,Grass Cut Count,,,,,,,,,,,,,
nj,,% Grass Cut Passing,0.727272727,0.722580645,0.710622711,0.791556728,0.80148423,0.747474747,,0.753768844,-0.025397822,0.779166667,,,
nj,,,,,,,,,,,,,,,
nj,,,,,,,,,,,,Overall Score,,82,
PA,Pennsylvania,,,,,,,,,,,,,,
PA,Scorecard Category,Metric,May-17,Jun-17,Jul-17,Aug-17,Sep-17,Oct-17,,Current 10,10-45 Delta,Current 45,,Earned,Poss.
PA,Initial Services,Initial Services Completed,149,155,136,138,93,61,,30,8,99,,,
PA,,Average Days to Complete Initial Service,13.1023622,10.42424242,11.10344828,9.890756303,9.184210526,9.682926829,9.682926829,9.672566372,-1.019954404,10.69252078,,12,20
PA,,Average Days to BSO Pass,10.8974359,9.62962963,12.07563025,11.16393443,10.79220779,9.887850467,,9.672566372,-1.019954404,10.69252078,,,
PA,,% Completed >10 Days,0.5,0.386416862,0.47715736,0.462337662,0.35,0.292682927,0.292682927,0.300884956,-0.0342951,0.335180055,,,
PA,,Initial Interior Maintenance % Overdue,0.700680272,0.556291391,0.613138686,0.6,0.480392157,0.421052632,,0.404761905,-0.061403509,0.466165414,,,
PA,,Initial Exterior Maintenance % Overdue,0.464566929,0.333333333,0.474137931,0.394957983,0.328947368,0.280701754,,0.266666667,-0.056565657,0.323232323,,,
PA,,Initial Trash Removal % Overdue,0.704225352,0.541666667,0.631205674,0.564885496,0.5,0.375,,0.341463415,-0.154660616,0.496124031,,,
PA,,Initial Interior Maintenance % Overdue,0.488888889,0.392857143,0.42,0.5,0.348837209,0.114285714,0.114285714,,,,,,
PA,,Initial Exterior Maintenance % Overdue,0.307692308,0.45,0.357142857,0.368421053,0.310344828,0.103448276,0.103448276,,,,,,
PA,,Initial Trash Removal % Overdue,0.333333333,0.361702128,0.384615385,0.419354839,0.27027027,0.125,0.125,,,,,,
PA,Initial QC,Initial Services QC Completed,64,92,134,150,111,60,,27,-10.33333333,168,,,
PA,,Initial Safety Rating,0.78125,0.836956522,0.753731343,0.726666667,0.72972973,0.783333333,,0.777777778,0.021825397,0.755952381,,,
PA,,Initial Interior Rating,0.859375,0.902173913,0.873134328,0.88,0.837837838,0.9,,0.814814815,-0.042328042,0.857142857,,,
PA,,Initial Exterior Rating,0.6875,0.75,0.701492537,0.68,0.711711712,0.7,,0.666666667,-0.035714286,0.702380952,,,
PA,,Overall Initial Services QC Score,0.828125,0.913043478,0.791044776,0.806666667,0.756756757,0.833333333,0.833333333,0.740740741,-0.039021164,0.779761905,,16,20
PA,BSO,Initial BSO Volume,128,140,113,130,100,54,,32,6.888888889,113,,,
PA,,Initial BSO % Passing,0.859375,0.892857143,0.849557522,0.9,0.94,0.888888889,,0.90625,-0.014103982,0.920353982,,20,20
PA,,Overall BSO % Passing,0.867088608,0.875,0.794520548,0.883435583,0.916666667,0.888888889,,0.891891892,-0.019219219,0.911111111,,10,10
PA,,Number of Reorders,30,28,33,33,20,9,,5,0.111111111,22,,,
PA,,Average Days to Complete Reorder,13.65,12.53571429,19.05882353,19.26086957,13.33333333,34,34,,-,,,0,10
PA,,Number of Failed BSO,18,15,17,13,6,6,,3,1,9,,,
PA,,% BSO Failed Interior,0.0625,0.064285714,0.053097345,0.053846154,0.05,0.037037037,,0.03125,,0.053097345,,,
PA,,% BSO Failed Exterior,0.0625,0.064285714,0.079646018,0.038461538,0.02,0.092592593,,0.09375,,0.03539823,,,
PA,,% BSO Failed Trash Removal,0.078125,0.05,0.088495575,0.046153846,0.03,0.037037037,,0.0625,,0.026548673,,,
PA,Ongoing Services,Ongoing Services Completed,0,0,0,0,0,0,,0,0,0,,,
PA,,Average Days to Complete Ongoing Interior,,,,,,,,,-,,,,
PA,,Average Days to Complete Ongoing Exterior,,,,,,,,,-,,,,
PA,,Ongoing Interior Maintenance % Overdue,,,,,,,,,-,,,,
PA,,Ongoing Exterior Maintenance % Overdue,,,,,,,,,-,,,,
PA,,Ongoing Interior Maintenance % Overdue,,,,,,,,,,,,,
PA,,Ongoing Exterior Maintenance % Overdue,,,,,,,,,,,,,
PA,Ongoing QC,Ongoing Services QC Completed,80,136,155,218,356,136,,78,-15.55555556,421,,,
PA,,Ongoing Services Safety Rating,0.85,0.830882353,0.819354839,0.747706422,0.792134831,0.845588235,,,-,,,,
PA,,Ongoing Services Interior Rating,0.875,0.867647059,0.883870968,0.821100917,0.780898876,0.838235294,,,-,,,,
PA,,Ongoing Services Exterior Rating,0.65,0.647058824,0.664516129,0.518348624,0.547752809,0.625,,,-,,,,
PA,,Overall Ongoing Services QC Score,0.825,0.823529412,0.838709677,0.756880734,0.741573034,0.794117647,0.794117647,,-,,,16,20
PA,Seasonal,Wint Count,60,66,0,0,326,130,,,,,,,
PA,,Avg Days to Complete Wints,12.05,0,,,14.63803681,26.69230769,,,,,,,
PA,,Initial Winterization % Overdue,,,,,0.95412844,,,,,,,,
PA,,Grass Cut Count,,,,,,,,,,,,,
PA,,% Grass Cut Passing,0.65,0.639705882,0.677419355,0.674311927,0.668539326,0.75,,0.743589744,0.052378342,0.691211401,,,
PA,,,,,,,,,,,,,,,
PA,,,,,,,,,,,,Overall Score,,74,
VA,Virginia,,,,,,,,,,,,,,
VA,Scorecard Category,Metric,May-17,Jun-17,Jul-17,Aug-17,Sep-17,Oct-17,,Current 10,10-45 Delta,Current 45,,Earned,Poss.
VA,Initial Services,Initial Services Completed,80,75,71,58,59,40,,13,-4.333333333,78,,,
VA,,Average Days to Complete Initial Service,11.01351351,7.121212121,8.641791045,9.7,8.964285714,7.403508772,7.403508772,8.021276596,-1.582805037,9.604081633,,16,20
VA,,Average Days to BSO Pass,7.442857143,8.926470588,10.56521739,8.448979592,11.74137931,8.664,,8.021276596,-1.582805037,9.604081633,,,
VA,,% Completed >10 Days,0.239819005,0.179487179,0.32195122,0.20625,0.262295082,0.122807018,0.122807018,0.127659574,-0.096830221,0.224489796,,,
VA,,Initial Interior Maintenance % Overdue,0.486111111,0.372093023,0.617647059,0.350877193,0.390625,0.175,,0.176470588,-0.156862745,0.333333333,,,
VA,,Initial Exterior Maintenance % Overdue,0.22972973,0.121212121,0.28358209,0.22,0.232142857,0.135135135,,0.230769231,0.038461538,0.192307692,,,
VA,,Initial Trash Removal % Overdue,0.426666667,0.402439024,0.6,0.339622642,0.396825397,0.135135135,,0.176470588,-0.148830617,0.325301205,,,
VA,,Initial Interior Maintenance % Overdue,0.285714286,0.210526316,0.25,0.277777778,0.136363636,0.4,0.4,,,,,,
VA,,Initial Exterior Maintenance % Overdue,0.166666667,0.1875,0.1,0.166666667,0.052631579,0.272727273,0.272727273,,,,,,
VA,,Initial Trash Removal % Overdue,0.25,0.071428571,0.111111111,0.214285714,0.05,0.3,0.3,,,,,,
VA,Initial QC,Initial Services QC Completed,45,39,74,97,52,30,,13,-4.111111111,77,,,
VA,,Initial Safety Rating,0.777777778,0.794871795,0.905405405,0.804123711,0.865384615,0.9,,0.923076923,0.03996004,0.883116883,,,
VA,,Initial Interior Rating,1,0.846153846,0.891891892,0.81443299,0.980769231,0.9,,0.923076923,-0.024975025,0.948051948,,,
VA,,Initial Exterior Rating,0.866666667,0.846153846,0.783783784,0.793814433,0.807692308,0.966666667,,1,0.142857143,0.857142857,,,
VA,,Overall Initial Services QC Score,0.933333333,0.897435897,0.878378378,0.835051546,0.961538462,0.966666667,0.966666667,0.923076923,-0.037962038,0.961038961,,20,20
VA,BSO,Initial BSO Volume,64,85,59,57,57,33,,13,-3.222222222,73,,,
VA,,Initial BSO % Passing,0.875,0.870588235,0.830508475,0.964912281,0.859649123,0.909090909,,0.846153846,-0.057955743,0.904109589,,20,20
VA,,Overall BSO % Passing,0.846153846,0.864583333,0.833333333,0.968253968,0.833333333,0.918918919,,0.866666667,-0.014285714,0.880952381,,10,10
VA,,Number of Reorders,14,11,13,6,9,4,,2,-0.444444444,11,,,
VA,,Average Days to Complete Reorder,15.16666667,15.08333333,12.38461538,11.22222222,25.14285714,11.66666667,11.66666667,,-,,,6,10
VA,,Number of Failed BSO,8,11,10,2,8,3,,2,0.444444444,7,,,
VA,,% BSO Failed Interior,0.046875,0.058823529,0.084745763,0,0.035087719,0,,0,,0.01369863,,,
VA,,% BSO Failed Exterior,0.0625,0.082352941,0.050847458,0.01754386,0.070175439,0.060606061,,0.153846154,,0.04109589,,,
VA,,% BSO Failed Trash Removal,0.078125,0.058823529,0.050847458,0.01754386,0.087719298,0.090909091,,0.153846154,,0.068493151,,,
VA,Ongoing Services,Ongoing Services Completed,0,0,0,0,0,0,,0,0,0,,,
VA,,Average Days to Complete Ongoing Interior,,,,,,,,,-,,,,
VA,,Average Days to Complete Ongoing Exterior,,,,,,,,,-,,,,
VA,,Ongoing Interior Maintenance % Overdue,,,,,,,,,-,,,,
VA,,Ongoing Exterior Maintenance % Overdue,,,,,,,,,-,,,,
VA,,Ongoing Interior Maintenance % Overdue,,,,,,,,,,,,,
VA,,Ongoing Exterior Maintenance % Overdue,,,,,,,,,,,,,
VA,Ongoing QC,Ongoing Services QC Completed,60,56,91,137,191,77,,35,-20.33333333,249,,,
VA,,Ongoing Services Safety Rating,0.866666667,0.875,0.901098901,0.861313869,0.910994764,0.974025974,,,-,,,,
VA,,Ongoing Services Interior Rating,0.983333333,0.928571429,0.912087912,0.890510949,0.968586387,0.948051948,,,-,,,,
VA,,Ongoing Services Exterior Rating,0.75,0.892857143,0.747252747,0.744525547,0.732984293,0.948051948,,,-,,,,
VA,,Overall Ongoing Services QC Score,0.883333333,0.964285714,0.901098901,0.905109489,0.921465969,0.974025974,0.974025974,,-,,,20,20
VA,Seasonal,Wint Count,0,0,0,0,0,198,,,,,,,
VA,,Avg Days to Complete Wints,,,,,,9.464646465,,,,,,,
VA,,Initial Winterization % Overdue,,,,,,,,,,,,,
VA,,Grass Cut Count,,,,,,,,,,,,,
VA,,% Grass Cut Passing,0.55,0.785714286,0.736263736,0.649635036,0.701570681,0.857142857,,0.8,0.061044177,0.738955823,,,
VA,,,,,,,,,,,,,,,
VA,,,,,,,,,,,,Overall Score,,92,
WV,West Virginia,,,,,,,,,,,,,,
WV,Scorecard Category,Metric,May-17,Jun-17,Jul-17,Aug-17,Sep-17,Oct-17,,Current 10,10-45 Delta,Current 45,,Earned,Poss.
WV,Initial Services,Initial Services Completed,22,19,19,26,13,6,,4,0.888888889,14,,,
WV,,Average Days to Complete Initial Service,9.210526316,9.8,11.83333333,9.318181818,10.16666667,10.66666667,10.66666667,8.0625,-3.976715686,12.03921569,,12,20
WV,,Average Days to BSO Pass,11.5,9.8,15.05555556,9.956521739,10.16666667,10.66666667,,8.0625,-3.976715686,12.03921569,,,
WV,,% Completed >10 Days,0.351851852,0.34375,0.423076923,0.389830508,0.418604651,0.458333333,0.458333333,0.1875,-0.322303922,0.509803922,,,
WV,,Initial Interior Maintenance % Overdue,0.470588235,0.541666667,0.470588235,0.444444444,0.529411765,0.444444444,,0.166666667,-0.433333333,0.6,,,
WV,,Initial Exterior Maintenance % Overdue,0.368421053,0.333333333,0.444444444,0.409090909,0.333333333,0.5,,0.25,-0.178571429,0.428571429,,,
WV,,Initial Trash Removal % Overdue,0.5,0.56,0.470588235,0.526315789,0.428571429,0.444444444,,0.166666667,-0.362745098,0.529411765,,,
WV,,Initial Interior Maintenance % Overdue,0.444444444,0.285714286,0.333333333,0.285714286,0.75,0.076923077,0.076923077,,,,,,
WV,,Initial Exterior Maintenance % Overdue,0.333333333,0.166666667,0,0.5,0.666666667,0.142857143,0.142857143,,,,,,
WV,,Initial Trash Removal % Overdue,0.25,0.2,0.4,0.25,0.75,0.076923077,0.076923077,,,,,,
WV,Initial QC,Initial Services QC Completed,5,8,27,26,34,7,,2,-7.111111111,41,,,
WV,,Initial Safety Rating,0.8,1,0.851851852,0.769230769,0.764705882,0.571428571,,0.5,-0.231707317,0.731707317,,,
WV,,Initial Interior Rating,0.8,1,0.925925926,0.923076923,0.882352941,0.857142857,,0.5,-0.37804878,0.87804878,,,
WV,,Initial Exterior Rating,1,0.625,0.407407407,0.923076923,0.823529412,0.571428571,,0.5,-0.280487805,0.780487805,,,
WV,,Overall Initial Services QC Score,1,1,0.666666667,0.884615385,0.852941176,0.571428571,0.571428571,0.5,-0.304878049,0.804878049,,8,20
WV,BSO,Initial BSO Volume,16,17,22,15,17,5,,3,-1.222222222,19,,,
WV,,Initial BSO % Passing,0.75,0.882352941,0.909090909,0.933333333,1,1,,1,0,1,,20,20
WV,,Overall BSO % Passing,0.818181818,0.904761905,0.916666667,0.882352941,1,1,,1,0,1,,10,10
WV,,Number of Reorders,6,4,2,2,1,0,,0,-0.222222222,1,,,
WV,,Average Days to Complete Reorder,14,8.4,9.181818182,38,44,,,,-,,,10,10
WV,,Number of Failed BSO,4,2,2,1,0,0,,0,0,0,,,
WV,,% BSO Failed Interior,0.25,0.058823529,0.045454545,0.066666667,0,0,,0,,0,,,
WV,,% BSO Failed Exterior,0.0625,0,0.045454545,0.066666667,0,0,,0,,0,,,
WV,,% BSO Failed Trash Removal,0.0625,0.117647059,0.090909091,0.066666667,0,0,,0,,0,,,
WV,Ongoing Services,Ongoing Services Completed,0,0,0,0,0,0,,0,0,0,,,
WV,,Average Days to Complete Ongoing Interior,,,,,,,,,-,,,,
WV,,Average Days to Complete Ongoing Exterior,,,,,,,,,-,,,,
WV,,Ongoing Interior Maintenance % Overdue,,,,,,,,,-,,,,
WV,,Ongoing Exterior Maintenance % Overdue,,,,,,,,,-,,,,
WV,,Ongoing Interior Maintenance % Overdue,,,,,,,,,,,,,
WV,,Ongoing Exterior Maintenance % Overdue,,,,,,,,,,,,,
WV,Ongoing QC,Ongoing Services QC Completed,6,15,6,30,46,20,,9,-5,63,,,
WV,,Ongoing Services Safety Rating,0.833333333,0.866666667,0.833333333,0.933333333,0.804347826,0.85,,,-,,,,
WV,,Ongoing Services Interior Rating,0.833333333,0.933333333,1,0.866666667,0.847826087,0.9,,,-,,,,
WV,,Ongoing Services Exterior Rating,0.666666667,0.666666667,0.5,0.7,0.826086957,0.55,,,-,,,,
WV,,Overall Ongoing Services QC Score,0.833333333,0.8,0.833333333,1,0.869565217,0.8,0.8,,-,,,16,20
WV,Seasonal,Wint Count,0,0,0,0,0,31,,,,,,,
WV,,Avg Days to Complete Wints,,,,,,10.74193548,,,,,,,
WV,,Initial Winterization % Overdue,,,,,,,,,,,,,
WV,,Grass Cut Count,,,,,,,,,,,,,
WV,,% Grass Cut Passing,0,0.266666667,0.666666667,0.466666667,0.608695652,0.6,,0.222222222,-0.380952381,0.603174603,,,
WV,,,,,,,,,,,,,,,
WV,,,,,,,,,,,,Overall Score,,76,
ny,New York,,,,,,,,,,,,,,
ny,Scorecard Category,Metric,May-17,Jun-17,Jul-17,Aug-17,Sep-17,Oct-17,,Current 10,10-45 Delta,Current 45,,Earned,Poss.
ny,Initial Services,Initial Services Completed,49,175,90,98,66,65,,35,18.77777778,73,,,
ny,,Average Days to Complete Initial Service,11.67857143,16.69127517,17.8,15.93023256,13.07142857,10.75824176,10.75824176,10.03478261,-4.907126105,14.94190871,,12,20
ny,,Average Days to BSO Pass,6.263157895,14.26896552,19.66666667,15.78313253,16.61666667,12.11111111,,10.03478261,-4.907126105,14.94190871,,,
ny,,% Completed >10 Days,0.073394495,0.69212963,0.669172932,0.597826087,0.52688172,0.434065934,0.434065934,0.408695652,-0.114125925,0.522821577,,,
ny,,Initial Interior Maintenance % Overdue,0.351351351,0.821428571,0.741935484,0.71875,0.65625,0.484375,,0.414634146,-0.231707317,0.646341463,,,
ny,,Initial Exterior Maintenance % Overdue,0.357142857,0.718120805,0.7125,0.604651163,0.535714286,0.436363636,,0.428571429,-0.091976517,0.520547945,,,
ny,,Initial Trash Removal % Overdue,0.454545455,0.832167832,0.731182796,0.712765957,0.666666667,0.476190476,,0.435897436,-0.203637448,0.639534884,,,
ny,,Initial Interior Maintenance % Overdue,0.620689655,0.627906977,0.489361702,0.4375,0.342857143,0.178571429,0.178571429,,,,,,
ny,,Initial Exterior Maintenance % Overdue,0.510204082,0.682926829,0.555555556,0.291666667,0.322580645,0.19047619,0.19047619,,,,,,
ny,,Initial Trash Removal % Overdue,0.58490566,0.594594595,0.475,0.464285714,0.294117647,0.16,0.16,,,,,,
ny,Initial QC,Initial Services QC Completed,3,99,96,99,98,37,,19,-10.33333333,132,,,
ny,,Initial Safety Rating,1,0.686868687,0.572916667,0.686868687,0.714285714,0.648648649,,0.526315789,-0.178229665,0.704545455,,,
ny,,Initial Interior Rating,1,0.828282828,0.8125,0.797979798,0.887755102,0.864864865,,0.842105263,-0.036682616,0.878787879,,,
ny,,Initial Exterior Rating,1,0.404040404,0.333333333,0.414141414,0.520408163,0.621621622,,0.526315789,-0.026714514,0.553030303,,,
ny,,Overall Initial Services QC Score,1,0.656565657,0.552083333,0.606060606,0.693877551,0.72972973,0.72972973,0.526315789,-0.178229665,0.704545455,,12,20
ny,BSO,Initial BSO Volume,26,156,76,82,66,45,,23,5.666666667,78,,,
ny,,Initial BSO % Passing,0.807692308,0.794871795,0.736842105,0.804878049,0.818181818,0.8,,0.739130435,-0.094202899,0.833333333,,16,20
ny,,Overall BSO % Passing,0.78125,0.765258216,0.725,0.793650794,0.822222222,0.777777778,,0.709677419,-0.128706419,0.838383838,,8,10
ny,,Number of Reorders,6,57,44,46,24,9,,8,3.333333333,21,,,
ny,,Average Days to Complete Reorder,,8.675,19.81578947,18.76086957,22.84210526,24.75,24.75,,-,,,0,10
ny,,Number of Failed BSO,5,32,20,16,12,9,,6,3.111111111,13,,,
ny,,% BSO Failed Interior,0.115384615,0.083333333,0.131578947,0.146341463,0.045454545,0.133333333,,0.217391304,,0.051282051,,,
ny,,% BSO Failed Exterior,0.115384615,0.128205128,0.105263158,0.134146341,0.151515152,0.088888889,,0.043478261,,0.153846154,,,
ny,,% BSO Failed Trash Removal,0.038461538,0.096153846,0.144736842,0.048780488,0.106060606,0.088888889,,0.130434783,,0.08974359,,,
ny,Ongoing Services,Ongoing Services Completed,0,0,0,0,0,0,,0,0,0,,,
ny,,Average Days to Complete Ongoing Interior,,,,,,,,,-,,,,
ny,,Average Days to Complete Ongoing Exterior,,,,,,,,,-,,,,
ny,,Ongoing Interior Maintenance % Overdue,,,,,,,,,-,,,,
ny,,Ongoing Exterior Maintenance % Overdue,,,,,,,,,-,,,,
ny,,Ongoing Interior Maintenance % Overdue,,,,,,,,,,,,,
ny,,Ongoing Exterior Maintenance % Overdue,,,,,,,,,,,,,
ny,Ongoing QC,Ongoing Services QC Completed,0,72,130,161,270,128,,91,15.44444444,340,,,
ny,,Ongoing Services Safety Rating,,0.791666667,0.7,0.776397516,0.688888889,0.6796875,,,-,,,,
ny,,Ongoing Services Interior Rating,,0.791666667,0.792307692,0.807453416,0.822222222,0.7890625,,,-,,,,
ny,,Ongoing Services Exterior Rating,,0.388888889,0.353846154,0.546583851,0.459259259,0.5,,,-,,,,
ny,,Overall Ongoing Services QC Score,,0.652777778,0.607692308,0.708074534,0.674074074,0.6484375,0.6484375,,-,,,8,20
ny,Seasonal,Wint Count,8,388,0,0,91,107,,,,,,,
ny,,Avg Days to Complete Wints,0,0,,,16,32.45794393,,,,,,,
ny,,Initial Winterization % Overdue,,,,,0.97979798,,,,,,,,
ny,,Grass Cut Count,,,,,,,,,,,,,
ny,,% Grass Cut Passing,-,0.305555556,0.346153846,0.608695652,0.537037037,0.65625,,0.626373626,0.038138332,0.588235294,,,
,,,,,,,,,,,,,,,
,,,,,,,,,,,,Overall Score,,56,
